node_name,cpu-mem
embedding,0
_to_copy,0
view,0
convolution,0
view_1,0
slice_1,0
slice_2,0
view_2,0
slice_3,0
slice_4,0
view_3,0
cos,16598016
sin,16598016
slice_5,0
select,0
slice_6,0
select_1,0
mul,0
slice_7,0
select_2,0
pow_1,8830144512
mean,2463464
add,77824812
rsqrt,2463768
_to_copy_1,0
mul_1,33195960
t,0
addmm,2168807424
permute,0
unbind,0
unsqueeze,0
unsqueeze_1,0
neg,1084403712
mul_2,33195960
neg_1,154914816
mul_3,8830144512
add_1,2461804
_to_copy_2,0
_to_copy_3,0
zeros,0
silu,11463696384
t_1,0
addmm_1,619659264
t_2,0
addmm_2,619659264
add_2,2168807424
gelu,109885440
eq,38923206
sum_1,-86424
expand,0
masked_scatter,0
full,0
arange,0
gt,38923212
arange_1,0
sub,86424
le,38923212
bitwise_or,38923212
unsqueeze_2,0
unsqueeze_3,0
expand_1,0
clone,0
slice_8,0
unsqueeze_4,0
unsqueeze_5,0
slice_9,0
slice_10,0
slice_11,0
slice_12,0
masked_fill,0
slice_13,0
slice_14,0
slice_15,0
copy,0
slice_16,0
slice_17,0
slice_scatter,0
slice_scatter_1,0
slice_scatter_2,0
unsqueeze_6,0
unsqueeze_7,0
slice_21,0
unsqueeze_8,0
expand_2,0
slice_22,0
slice_23,0
unsqueeze_9,0
slice_24,0
expand_3,0
expand_4,0
bmm,8299008
view_4,0
transpose,0
_to_copy_4,0
mul_4,4415072256
view_5,0
view_6,0
view_7,0
view_8,0
view_9,0
view_10,0
view_11,0
transpose_1,0
view_12,0
transpose_2,0
view_13,0
transpose_3,0
split_with_sizes,0
select_3,0
select_4,0
select_5,0
unsqueeze_10,0
split_with_sizes_1,0
select_6,0
select_7,0
select_8,0
select_9,0
select_10,0
select_11,0
unsqueeze_11,0
mul_5,4337614848
slice_25,0
slice_26,0
mul_6,4337614848
mul_7,619659264
slice_27,0
slice_28,0
mul_8,619659264
add_3,309829632
slice_29,0
slice_30,0
unsqueeze_12,0
slice_31,0
slice_32,0
expand_5,0
clone_1,0
_unsafe_view,0
slice_33,0
slice_34,0
unsqueeze_13,0
slice_35,0
slice_36,0
expand_6,0
clone_2,0
_unsafe_view_1,0
slice_40,0
slice_41,0
slice_42,0
_scaled_dot_product_flash_attention_for_cpu,-7415267328
transpose_4,0
view_14,0
t_3,0
view_15,0
mm,2168807424
view_16,0
add_4,4337614848
_to_copy_5,0
pow_2,8830144512
mean_1,2463464
add_5,2461804
rsqrt_1,2463768
mul_9,8830144512
_to_copy_6,0
mul_10,4415072256
t_4,0
view_17,0
mm_1,22927392768
view_18,0
t_5,0
view_19,0
mm_2,22927392768
view_20,0
mul_11,11463696384
t_6,0
view_21,0
mm_3,2168807424
view_22,0
add_6,4337614848
_to_copy_7,0
pow_3,8830144512
mean_2,2463464
add_7,2461804
rsqrt_2,2463768
mul_12,8830144512
_to_copy_8,0
mul_13,4415072256
view_23,0
t_7,0
addmm_3,2168807424
view_24,0
view_25,0
t_8,0
addmm_4,619659264
view_26,0
view_27,0
t_9,0
addmm_5,619659264
view_28,0
view_29,0
transpose_5,0
view_30,0
transpose_6,0
view_31,0
transpose_7,0
split_with_sizes_2,0
select_12,0
select_13,0
select_14,0
select_15,0
select_16,0
select_17,0
unsqueeze_14,0
split_with_sizes_3,0
select_18,0
select_19,0
select_20,0
select_21,0
select_22,0
select_23,0
unsqueeze_15,0
mul_14,4337614848
slice_43,0
slice_44,0
neg_2,1084403712
mul_15,4337614848
add_8,2168807424
mul_16,619659264
slice_45,0
slice_46,0
neg_3,154914816
mul_17,619659264
add_9,309829632
slice_47,0
slice_48,0
unsqueeze_16,0
slice_49,0
slice_50,0
expand_7,0
clone_3,0
_unsafe_view_2,0
slice_51,0
slice_52,0
unsqueeze_17,0
slice_53,0
slice_54,0
expand_8,0
clone_4,0
_unsafe_view_3,0
slice_58,0
slice_59,0
slice_60,0
_scaled_dot_product_flash_attention_for_cpu_1,-7415267328
transpose_8,0
view_32,0
t_10,0
view_33,0
mm_4,2168807424
view_34,0
add_10,4337614848
_to_copy_9,0
pow_4,8830144512
mean_3,2463464
add_11,2461804
rsqrt_3,2463768
mul_18,8830144512
_to_copy_10,0
mul_19,4415072256
t_11,0
view_35,0
mm_5,22927392768
view_36,0
silu_1,11463696384
t_12,0
view_37,0
mm_6,22927392768
view_38,0
mul_20,11463696384
t_13,0
view_39,0
mm_7,2168807424
view_40,0
add_12,4337614848
_to_copy_11,0
pow_5,8830144512
mean_4,2463464
add_13,2461804
rsqrt_4,2463768
mul_21,8830144512
_to_copy_12,0
mul_22,4415072256
view_41,0
t_14,0
addmm_6,2168807424
view_42,0
view_43,0
t_15,0
addmm_7,619659264
view_44,0
view_45,0
t_16,0
addmm_8,619659264
view_46,0
view_47,0
transpose_9,0
view_48,0
transpose_10,0
view_49,0
transpose_11,0
split_with_sizes_4,0
select_24,0
select_25,0
select_26,0
select_27,0
select_28,0
select_29,0
unsqueeze_18,0
split_with_sizes_5,0
select_30,0
select_31,0
select_32,0
select_33,0
select_34,0
select_35,0
unsqueeze_19,0
mul_23,4337614848
slice_61,0
slice_62,0
neg_4,1084403712
mul_24,4337614848
add_14,2168807424
mul_25,619659264
slice_63,0
slice_64,0
neg_5,154914816
mul_26,619659264
add_15,309829632
slice_65,0
slice_66,0
unsqueeze_20,0
slice_67,0
slice_68,0
expand_9,0
clone_5,0
_unsafe_view_4,0
slice_69,0
slice_70,0
unsqueeze_21,0
slice_71,0
slice_72,0
expand_10,0
clone_6,0
_unsafe_view_5,0
slice_76,0
slice_77,0
slice_78,0
_scaled_dot_product_flash_attention_for_cpu_2,-7415267328
transpose_12,0
view_50,0
t_17,0
view_51,0
mm_8,2168807424
view_52,0
add_16,4337614848
_to_copy_13,0
pow_6,8830144512
mean_5,2463464
add_17,2461804
rsqrt_5,2463768
mul_27,8830144512
_to_copy_14,0
mul_28,4415072256
t_18,0
view_53,0
mm_9,22927392768
view_54,0
silu_2,11463696384
t_19,0
view_55,0
mm_10,22927392768
view_56,0
mul_29,11463696384
t_20,0
view_57,0
mm_11,2168807424
view_58,0
add_18,4337614848
_to_copy_15,0
pow_7,8830144512
mean_6,2463464
add_19,2461804
rsqrt_6,2463768
mul_30,8830144512
_to_copy_16,0
mul_31,4415072256
view_59,0
t_21,0
addmm_9,2168807424
view_60,0
view_61,0
t_22,0
addmm_10,619659264
view_62,0
view_63,0
t_23,0
addmm_11,619659264
view_64,0
view_65,0
transpose_13,0
view_66,0
transpose_14,0
view_67,0
transpose_15,0
split_with_sizes_6,0
select_36,0
select_37,0
select_38,0
select_39,0
select_40,0
select_41,0
unsqueeze_22,0
split_with_sizes_7,0
select_42,0
select_43,0
select_44,0
select_45,0
select_46,0
select_47,0
unsqueeze_23,0
mul_32,4337614848
slice_79,0
slice_80,0
neg_6,1084403712
mul_33,4337614848
add_20,2168807424
mul_34,619659264
slice_81,0
slice_82,0
neg_7,154914816
mul_35,619659264
add_21,309829632
slice_83,0
slice_84,0
unsqueeze_24,0
slice_85,0
slice_86,0
expand_11,0
clone_7,0
_unsafe_view_6,0
slice_87,0
slice_88,0
unsqueeze_25,0
slice_89,0
slice_90,0
expand_12,0
clone_8,0
_unsafe_view_7,0
slice_94,0
slice_95,0
slice_96,0
_scaled_dot_product_flash_attention_for_cpu_3,-7415267328
transpose_16,0
view_68,0
t_24,0
view_69,0
mm_12,2168807424
view_70,0
add_22,4337614848
_to_copy_17,0
pow_8,8830144512
mean_7,2463464
add_23,2461804
rsqrt_7,2463768
mul_36,8830144512
_to_copy_18,0
mul_37,4415072256
t_25,0
view_71,0
mm_13,22927392768
view_72,0
silu_3,11463696384
t_26,0
view_73,0
mm_14,22927392768
view_74,0
mul_38,11463696384
t_27,0
view_75,0
mm_15,2168807424
view_76,0
add_24,4337614848
_to_copy_19,0
pow_9,8830144512
mean_8,2463464
add_25,2461804
rsqrt_8,2463768
mul_39,8830144512
_to_copy_20,0
mul_40,4415072256
view_77,0
t_28,0
addmm_12,2168807424
view_78,0
view_79,0
t_29,0
addmm_13,619659264
view_80,0
view_81,0
t_30,0
addmm_14,619659264
view_82,0
view_83,0
transpose_17,0
view_84,0
transpose_18,0
view_85,0
transpose_19,0
split_with_sizes_8,0
select_48,0
select_49,0
select_50,0
select_51,0
select_52,0
select_53,0
unsqueeze_26,0
split_with_sizes_9,0
select_54,0
select_55,0
select_56,0
select_57,0
select_58,0
select_59,0
unsqueeze_27,0
mul_41,4337614848
slice_97,0
slice_98,0
neg_8,1084403712
mul_42,4337614848
add_26,2168807424
mul_43,619659264
slice_99,0
slice_100,0
neg_9,154914816
mul_44,619659264
add_27,309829632
slice_101,0
slice_102,0
unsqueeze_28,0
slice_103,0
slice_104,0
expand_13,0
clone_9,0
_unsafe_view_8,0
slice_105,0
slice_106,0
unsqueeze_29,0
slice_107,0
slice_108,0
expand_14,0
clone_10,0
_unsafe_view_9,0
slice_112,0
slice_113,0
slice_114,0
_scaled_dot_product_flash_attention_for_cpu_4,-7415267328
transpose_20,0
view_86,0
t_31,0
view_87,0
mm_16,2168807424
view_88,0
add_28,4337614848
_to_copy_21,0
pow_10,8830144512
mean_9,2463464
add_29,2461804
rsqrt_9,2463768
mul_45,8830144512
_to_copy_22,0
mul_46,4415072256
t_32,0
view_89,0
mm_17,22927392768
view_90,0
silu_4,11463696384
t_33,0
view_91,0
mm_18,22927392768
view_92,0
mul_47,11463696384
t_34,0
view_93,0
mm_19,2168807424
view_94,0
add_30,4337614848
_to_copy_23,0
pow_11,8830144512
mean_10,2463464
add_31,2461804
rsqrt_10,2463768
mul_48,8830144512
_to_copy_24,0
mul_49,4415072256
view_95,0
t_35,0
addmm_15,2168807424
view_96,0
view_97,0
t_36,0
addmm_16,619659264
view_98,0
view_99,0
t_37,0
addmm_17,619659264
view_100,0
view_101,0
transpose_21,0
view_102,0
transpose_22,0
view_103,0
transpose_23,0
split_with_sizes_10,0
select_60,0
select_61,0
select_62,0
select_63,0
select_64,0
select_65,0
unsqueeze_30,0
split_with_sizes_11,0
select_66,0
select_67,0
select_68,0
select_69,0
select_70,0
select_71,0
unsqueeze_31,0
mul_50,4337614848
slice_115,0
slice_116,0
neg_10,1084403712
mul_51,4337614848
add_32,2168807424
mul_52,619659264
slice_117,0
slice_118,0
neg_11,154914816
mul_53,619659264
add_33,309829632
slice_119,0
slice_120,0
unsqueeze_32,0
slice_121,0
slice_122,0
expand_15,0
clone_11,0
_unsafe_view_10,0
slice_123,0
slice_124,0
unsqueeze_33,0
slice_125,0
slice_126,0
expand_16,0
clone_12,0
_unsafe_view_11,0
slice_130,0
slice_131,0
slice_132,0
_scaled_dot_product_flash_attention_for_cpu_5,-7415267328
transpose_24,0
view_104,0
t_38,0
view_105,0
mm_20,2168807424
view_106,0
add_34,4337614848
_to_copy_25,0
pow_12,8830144512
mean_11,2463464
add_35,2461804
rsqrt_11,2463768
mul_54,8830144512
_to_copy_26,0
mul_55,4415072256
t_39,0
view_107,0
mm_21,22927392768
view_108,0
silu_5,11463696384
t_40,0
view_109,0
mm_22,22927392768
view_110,0
mul_56,11463696384
t_41,0
view_111,0
mm_23,2168807424
view_112,0
add_36,4337614848
_to_copy_27,0
pow_13,8830144512
mean_12,2463464
add_37,2461804
rsqrt_12,2463768
mul_57,8830144512
_to_copy_28,0
mul_58,4415072256
view_113,0
t_42,0
addmm_18,2168807424
view_114,0
view_115,0
t_43,0
addmm_19,619659264
view_116,0
view_117,0
t_44,0
addmm_20,619659264
view_118,0
view_119,0
transpose_25,0
view_120,0
transpose_26,0
view_121,0
transpose_27,0
split_with_sizes_12,0
select_72,0
select_73,0
select_74,0
select_75,0
select_76,0
select_77,0
unsqueeze_34,0
split_with_sizes_13,0
select_78,0
select_79,0
select_80,0
select_81,0
select_82,0
select_83,0
unsqueeze_35,0
mul_59,4337614848
slice_133,0
slice_134,0
neg_12,1084403712
mul_60,4337614848
add_38,2168807424
mul_61,619659264
slice_135,0
slice_136,0
neg_13,154914816
mul_62,619659264
add_39,309829632
slice_137,0
slice_138,0
unsqueeze_36,0
slice_139,0
slice_140,0
expand_17,0
clone_13,0
_unsafe_view_12,0
slice_141,0
slice_142,0
unsqueeze_37,0
slice_143,0
slice_144,0
expand_18,0
clone_14,0
_unsafe_view_13,0
slice_148,0
slice_149,0
slice_150,0
_scaled_dot_product_flash_attention_for_cpu_6,-7415267328
transpose_28,0
view_122,0
t_45,0
view_123,0
mm_24,2168807424
view_124,0
add_40,4337614848
_to_copy_29,0
pow_14,8830144512
mean_13,2463464
add_41,2461804
rsqrt_13,2463768
mul_63,8830144512
_to_copy_30,0
mul_64,4415072256
t_46,0
view_125,0
mm_25,22927392768
view_126,0
silu_6,11463696384
t_47,0
view_127,0
mm_26,22927392768
view_128,0
mul_65,11463696384
t_48,0
view_129,0
mm_27,2168807424
view_130,0
add_42,4337614848
_to_copy_31,0
pow_15,8830144512
mean_14,2463464
add_43,2461804
rsqrt_14,2463768
mul_66,8830144512
_to_copy_32,0
mul_67,4415072256
view_131,0
t_49,0
addmm_21,2168807424
view_132,0
view_133,0
t_50,0
addmm_22,619659264
view_134,0
view_135,0
t_51,0
addmm_23,619659264
view_136,0
view_137,0
transpose_29,0
view_138,0
transpose_30,0
view_139,0
transpose_31,0
split_with_sizes_14,0
select_84,0
select_85,0
select_86,0
select_87,0
select_88,0
select_89,0
unsqueeze_38,0
split_with_sizes_15,0
select_90,0
select_91,0
select_92,0
select_93,0
select_94,0
select_95,0
unsqueeze_39,0
mul_68,4337614848
slice_151,0
slice_152,0
neg_14,1084403712
mul_69,4337614848
add_44,2168807424
mul_70,619659264
slice_153,0
slice_154,0
neg_15,154914816
mul_71,619659264
add_45,309829632
slice_155,0
slice_156,0
unsqueeze_40,0
slice_157,0
slice_158,0
expand_19,0
clone_15,0
_unsafe_view_14,0
slice_159,0
slice_160,0
unsqueeze_41,0
slice_161,0
slice_162,0
expand_20,0
clone_16,0
_unsafe_view_15,0
slice_166,0
slice_167,0
slice_168,0
_scaled_dot_product_flash_attention_for_cpu_7,-7415267328
transpose_32,0
view_140,0
t_52,0
view_141,0
mm_28,2168807424
view_142,0
add_46,4337614848
_to_copy_33,0
pow_16,8830144512
mean_15,2463464
add_47,2461804
rsqrt_15,2463768
mul_72,8830144512
_to_copy_34,0
mul_73,4415072256
t_53,0
view_143,0
mm_29,22927392768
view_144,0
silu_7,11463696384
t_54,0
view_145,0
mm_30,22927392768
view_146,0
mul_74,11463696384
t_55,0
view_147,0
mm_31,2168807424
view_148,0
add_48,4337614848
_to_copy_35,0
pow_17,8830144512
mean_16,2463464
add_49,2461804
rsqrt_16,2463768
mul_75,8830144512
_to_copy_36,0
mul_76,4415072256
view_149,0
t_56,0
addmm_24,2168807424
view_150,0
view_151,0
t_57,0
addmm_25,619659264
view_152,0
view_153,0
t_58,0
addmm_26,619659264
view_154,0
view_155,0
transpose_33,0
view_156,0
transpose_34,0
view_157,0
transpose_35,0
split_with_sizes_16,0
select_96,0
select_97,0
select_98,0
select_99,0
select_100,0
select_101,0
unsqueeze_42,0
split_with_sizes_17,0
select_102,0
select_103,0
select_104,0
select_105,0
select_106,0
select_107,0
unsqueeze_43,0
mul_77,4337614848
slice_169,0
slice_170,0
neg_16,1084403712
mul_78,4337614848
add_50,2168807424
mul_79,619659264
slice_171,0
slice_172,0
neg_17,154914816
mul_80,619659264
add_51,309829632
slice_173,0
slice_174,0
unsqueeze_44,0
slice_175,0
slice_176,0
expand_21,0
clone_17,0
_unsafe_view_16,0
slice_177,0
slice_178,0
unsqueeze_45,0
slice_179,0
slice_180,0
expand_22,0
clone_18,0
_unsafe_view_17,0
slice_184,0
slice_185,0
slice_186,0
_scaled_dot_product_flash_attention_for_cpu_8,-7415267328
transpose_36,0
view_158,0
t_59,0
view_159,0
mm_32,2168807424
view_160,0
add_52,4337614848
_to_copy_37,0
pow_18,8830144512
mean_17,2463464
add_53,2461804
rsqrt_17,2463768
mul_81,8830144512
_to_copy_38,0
mul_82,4415072256
t_60,0
view_161,0
mm_33,22927392768
view_162,0
silu_8,11463696384
t_61,0
view_163,0
mm_34,22927392768
view_164,0
mul_83,11463696384
t_62,0
view_165,0
mm_35,2168807424
view_166,0
add_54,4337614848
_to_copy_39,0
pow_19,8830144512
mean_18,2463464
add_55,2461804
rsqrt_18,2463768
mul_84,8830144512
_to_copy_40,0
mul_85,4415072256
view_167,0
t_63,0
addmm_27,2168807424
view_168,0
view_169,0
t_64,0
addmm_28,619659264
view_170,0
view_171,0
t_65,0
addmm_29,619659264
view_172,0
view_173,0
transpose_37,0
view_174,0
transpose_38,0
view_175,0
transpose_39,0
split_with_sizes_18,0
select_108,0
select_109,0
select_110,0
select_111,0
select_112,0
select_113,0
unsqueeze_46,0
split_with_sizes_19,0
select_114,0
select_115,0
select_116,0
select_117,0
select_118,0
select_119,0
unsqueeze_47,0
mul_86,4337614848
slice_187,0
slice_188,0
neg_18,1084403712
mul_87,4337614848
add_56,2168807424
mul_88,619659264
slice_189,0
slice_190,0
neg_19,154914816
mul_89,619659264
add_57,309829632
slice_191,0
slice_192,0
unsqueeze_48,0
slice_193,0
slice_194,0
expand_23,0
clone_19,0
_unsafe_view_18,0
slice_195,0
slice_196,0
unsqueeze_49,0
slice_197,0
slice_198,0
expand_24,0
clone_20,0
_unsafe_view_19,0
slice_202,0
slice_203,0
slice_204,0
_scaled_dot_product_flash_attention_for_cpu_9,-7415267328
transpose_40,0
view_176,0
t_66,0
view_177,0
mm_36,2168807424
view_178,0
add_58,4337614848
_to_copy_41,0
pow_20,8830144512
mean_19,2463464
add_59,2461804
rsqrt_19,2463768
mul_90,8830144512
_to_copy_42,0
mul_91,4415072256
t_67,0
view_179,0
mm_37,22927392768
view_180,0
silu_9,11463696384
t_68,0
view_181,0
mm_38,22927392768
view_182,0
mul_92,11463696384
t_69,0
view_183,0
mm_39,2168807424
view_184,0
add_60,4337614848
_to_copy_43,0
pow_21,8830144512
mean_20,2463464
add_61,2461804
rsqrt_20,2463768
mul_93,8830144512
_to_copy_44,0
mul_94,4415072256
view_185,0
t_70,0
addmm_30,2168807424
view_186,0
view_187,0
t_71,0
addmm_31,619659264
view_188,0
view_189,0
t_72,0
addmm_32,619659264
view_190,0
view_191,0
transpose_41,0
view_192,0
transpose_42,0
view_193,0
transpose_43,0
split_with_sizes_20,0
select_120,0
select_121,0
select_122,0
select_123,0
select_124,0
select_125,0
unsqueeze_50,0
split_with_sizes_21,0
select_126,0
select_127,0
select_128,0
select_129,0
select_130,0
select_131,0
unsqueeze_51,0
mul_95,4337614848
slice_205,0
slice_206,0
neg_20,1084403712
mul_96,4337614848
add_62,2168807424
mul_97,619659264
slice_207,0
slice_208,0
neg_21,154914816
mul_98,619659264
add_63,309829632
slice_209,0
slice_210,0
unsqueeze_52,0
slice_211,0
slice_212,0
expand_25,0
clone_21,0
_unsafe_view_20,0
slice_213,0
slice_214,0
unsqueeze_53,0
slice_215,0
slice_216,0
expand_26,0
clone_22,0
_unsafe_view_21,0
slice_220,0
slice_221,0
slice_222,0
_scaled_dot_product_flash_attention_for_cpu_10,-7415267328
transpose_44,0
view_194,0
t_73,0
view_195,0
mm_40,2168807424
view_196,0
add_64,4337614848
_to_copy_45,0
pow_22,8830144512
mean_21,2463464
add_65,2461804
rsqrt_21,2463768
mul_99,8830144512
_to_copy_46,0
mul_100,4415072256
t_74,0
view_197,0
mm_41,22927392768
view_198,0
silu_10,11463696384
t_75,0
view_199,0
mm_42,22927392768
view_200,0
mul_101,11463696384
t_76,0
view_201,0
mm_43,2168807424
view_202,0
add_66,4337614848
_to_copy_47,0
pow_23,8830144512
mean_22,2463464
add_67,2461804
rsqrt_22,2463768
mul_102,8830144512
_to_copy_48,0
mul_103,4415072256
view_203,0
t_77,0
addmm_33,2168807424
view_204,0
view_205,0
t_78,0
addmm_34,619659264
view_206,0
view_207,0
t_79,0
addmm_35,619659264
view_208,0
view_209,0
transpose_45,0
view_210,0
transpose_46,0
view_211,0
transpose_47,0
split_with_sizes_22,0
select_132,0
select_133,0
select_134,0
select_135,0
select_136,0
select_137,0
unsqueeze_54,0
split_with_sizes_23,0
select_138,0
select_139,0
select_140,0
select_141,0
select_142,0
select_143,0
unsqueeze_55,0
mul_104,4337614848
slice_223,0
slice_224,0
neg_22,1084403712
mul_105,4337614848
add_68,2168807424
mul_106,619659264
slice_225,0
slice_226,0
neg_23,154914816
mul_107,619659264
add_69,309829632
slice_227,0
slice_228,0
unsqueeze_56,0
slice_229,0
slice_230,0
expand_27,0
clone_23,0
_unsafe_view_22,0
slice_231,0
slice_232,0
unsqueeze_57,0
slice_233,0
slice_234,0
expand_28,0
clone_24,0
_unsafe_view_23,0
slice_238,0
slice_239,0
slice_240,0
_scaled_dot_product_flash_attention_for_cpu_11,-7415267328
transpose_48,0
view_212,0
t_80,0
view_213,0
mm_44,2168807424
view_214,0
add_70,4337614848
_to_copy_49,0
pow_24,8830144512
mean_23,2463464
add_71,2461804
rsqrt_23,2463768
mul_108,8830144512
_to_copy_50,0
mul_109,4415072256
t_81,0
view_215,0
mm_45,22927392768
view_216,0
silu_11,11463696384
t_82,0
view_217,0
mm_46,22927392768
view_218,0
mul_110,11463696384
t_83,0
view_219,0
mm_47,2168807424
view_220,0
add_72,4337614848
_to_copy_51,0
pow_25,8830144512
mean_24,2463464
add_73,2461804
rsqrt_24,2463768
mul_111,8830144512
_to_copy_52,0
mul_112,4415072256
view_221,0
t_84,0
addmm_36,2168807424
view_222,0
view_223,0
t_85,0
addmm_37,619659264
view_224,0
view_225,0
t_86,0
addmm_38,619659264
view_226,0
view_227,0
transpose_49,0
view_228,0
transpose_50,0
view_229,0
transpose_51,0
split_with_sizes_24,0
select_144,0
select_145,0
select_146,0
select_147,0
select_148,0
select_149,0
unsqueeze_58,0
split_with_sizes_25,0
select_150,0
select_151,0
select_152,0
select_153,0
select_154,0
select_155,0
unsqueeze_59,0
mul_113,4337614848
slice_241,0
slice_242,0
neg_24,1084403712
mul_114,4337614848
add_74,2168807424
mul_115,619659264
slice_243,0
slice_244,0
neg_25,154914816
mul_116,619659264
add_75,309829632
slice_245,0
slice_246,0
unsqueeze_60,0
slice_247,0
slice_248,0
expand_29,0
clone_25,0
_unsafe_view_24,0
slice_249,0
slice_250,0
unsqueeze_61,0
slice_251,0
slice_252,0
expand_30,0
clone_26,0
_unsafe_view_25,0
slice_256,0
slice_257,0
slice_258,0
_scaled_dot_product_flash_attention_for_cpu_12,-7415267328
transpose_52,0
view_230,0
t_87,0
view_231,0
mm_48,2168807424
view_232,0
add_76,4337614848
_to_copy_53,0
pow_26,8830144512
mean_25,2463464
add_77,2461804
rsqrt_25,2463768
mul_117,8830144512
_to_copy_54,0
mul_118,4415072256
t_88,0
view_233,0
mm_49,22927392768
view_234,0
silu_12,11463696384
t_89,0
view_235,0
mm_50,22927392768
view_236,0
mul_119,11463696384
t_90,0
view_237,0
mm_51,2168807424
view_238,0
add_78,4337614848
_to_copy_55,0
pow_27,8830144512
mean_26,2463464
add_79,2461804
rsqrt_26,2463768
mul_120,8830144512
_to_copy_56,0
mul_121,4415072256
view_239,0
t_91,0
addmm_39,2168807424
view_240,0
view_241,0
t_92,0
addmm_40,619659264
view_242,0
view_243,0
t_93,0
addmm_41,619659264
view_244,0
view_245,0
transpose_53,0
view_246,0
transpose_54,0
view_247,0
transpose_55,0
split_with_sizes_26,0
select_156,0
select_157,0
select_158,0
select_159,0
select_160,0
select_161,0
unsqueeze_62,0
split_with_sizes_27,0
select_162,0
select_163,0
select_164,0
select_165,0
select_166,0
select_167,0
unsqueeze_63,0
mul_122,4337614848
slice_259,0
slice_260,0
neg_26,1084403712
mul_123,4337614848
add_80,2168807424
mul_124,619659264
slice_261,0
slice_262,0
neg_27,154914816
mul_125,619659264
add_81,309829632
slice_263,0
slice_264,0
unsqueeze_64,0
slice_265,0
slice_266,0
expand_31,0
clone_27,0
_unsafe_view_26,0
slice_267,0
slice_268,0
unsqueeze_65,0
slice_269,0
slice_270,0
expand_32,0
clone_28,0
_unsafe_view_27,0
slice_274,0
slice_275,0
slice_276,0
_scaled_dot_product_flash_attention_for_cpu_13,-7415267328
transpose_56,0
view_248,0
t_94,0
view_249,0
mm_52,2168807424
view_250,0
add_82,4337614848
_to_copy_57,0
pow_28,8830144512
mean_27,2463464
add_83,2461804
rsqrt_27,2463768
mul_126,8830144512
_to_copy_58,0
mul_127,4415072256
t_95,0
view_251,0
mm_53,22927392768
view_252,0
silu_13,11463696384
t_96,0
view_253,0
mm_54,22927392768
view_254,0
mul_128,11463696384
t_97,0
view_255,0
mm_55,2168807424
view_256,0
add_84,4337614848
_to_copy_59,0
pow_29,8830144512
mean_28,2463464
add_85,2461804
rsqrt_28,2463768
mul_129,8830144512
_to_copy_60,0
mul_130,4415072256
view_257,0
t_98,0
addmm_42,2168807424
view_258,0
view_259,0
t_99,0
addmm_43,619659264
view_260,0
view_261,0
t_100,0
addmm_44,619659264
view_262,0
view_263,0
transpose_57,0
view_264,0
transpose_58,0
view_265,0
transpose_59,0
split_with_sizes_28,0
select_168,0
select_169,0
select_170,0
select_171,0
select_172,0
select_173,0
unsqueeze_66,0
split_with_sizes_29,0
select_174,0
select_175,0
select_176,0
select_177,0
select_178,0
select_179,0
unsqueeze_67,0
mul_131,4337614848
slice_277,0
slice_278,0
neg_28,1084403712
mul_132,4337614848
add_86,2168807424
mul_133,619659264
slice_279,0
slice_280,0
neg_29,154914816
mul_134,619659264
add_87,309829632
slice_281,0
slice_282,0
unsqueeze_68,0
slice_283,0
slice_284,0
expand_33,0
clone_29,0
_unsafe_view_28,0
slice_285,0
slice_286,0
unsqueeze_69,0
slice_287,0
slice_288,0
expand_34,0
clone_30,0
_unsafe_view_29,0
slice_292,0
slice_293,0
slice_294,0
_scaled_dot_product_flash_attention_for_cpu_14,-7415267328
transpose_60,0
view_266,0
t_101,0
view_267,0
mm_56,2168807424
view_268,0
add_88,4337614848
_to_copy_61,0
pow_30,8830144512
mean_29,2463464
add_89,2461804
rsqrt_29,2463768
mul_135,8830144512
_to_copy_62,0
mul_136,4415072256
t_102,0
view_269,0
mm_57,22927392768
view_270,0
silu_14,11463696384
t_103,0
view_271,0
mm_58,22927392768
view_272,0
mul_137,11463696384
t_104,0
view_273,0
mm_59,2168807424
view_274,0
add_90,4337614848
_to_copy_63,0
pow_31,8830144512
mean_30,2463464
add_91,2461804
rsqrt_30,2463768
mul_138,8830144512
_to_copy_64,0
mul_139,4415072256
view_275,0
t_105,0
addmm_45,2168807424
view_276,0
view_277,0
t_106,0
addmm_46,619659264
view_278,0
view_279,0
t_107,0
addmm_47,619659264
view_280,0
view_281,0
transpose_61,0
view_282,0
transpose_62,0
view_283,0
transpose_63,0
split_with_sizes_30,0
select_180,0
select_181,0
select_182,0
select_183,0
select_184,0
select_185,0
unsqueeze_70,0
split_with_sizes_31,0
select_186,0
select_187,0
select_188,0
select_189,0
select_190,0
select_191,0
unsqueeze_71,0
mul_140,4337614848
slice_295,0
slice_296,0
neg_30,1084403712
mul_141,4337614848
add_92,2168807424
mul_142,619659264
slice_297,0
slice_298,0
neg_31,154914816
mul_143,619659264
add_93,309829632
slice_299,0
slice_300,0
unsqueeze_72,0
slice_301,0
slice_302,0
expand_35,0
clone_31,0
_unsafe_view_30,0
slice_303,0
slice_304,0
unsqueeze_73,0
slice_305,0
slice_306,0
expand_36,0
clone_32,0
_unsafe_view_31,0
slice_310,0
slice_311,0
slice_312,0
_scaled_dot_product_flash_attention_for_cpu_15,-7415267328
transpose_64,0
view_284,0
t_108,0
view_285,0
mm_60,2168807424
view_286,0
add_94,4337614848
_to_copy_65,0
pow_32,8830144512
mean_31,2463464
add_95,2461804
rsqrt_31,2463768
mul_144,8830144512
_to_copy_66,0
mul_145,4415072256
t_109,0
view_287,0
mm_61,22927392768
view_288,0
silu_15,11463696384
t_110,0
view_289,0
mm_62,22927392768
view_290,0
mul_146,11463696384
t_111,0
view_291,0
mm_63,2168807424
view_292,0
add_96,4337614848
_to_copy_67,0
pow_33,8830144512
mean_32,2463464
add_97,2461804
rsqrt_32,2463768
mul_147,8830144512
_to_copy_68,0
mul_148,4415072256
view_293,0
t_112,0
addmm_48,2168807424
view_294,0
view_295,0
t_113,0
addmm_49,619659264
view_296,0
view_297,0
t_114,0
addmm_50,619659264
view_298,0
view_299,0
transpose_65,0
view_300,0
transpose_66,0
view_301,0
transpose_67,0
split_with_sizes_32,0
select_192,0
select_193,0
select_194,0
select_195,0
select_196,0
select_197,0
unsqueeze_74,0
split_with_sizes_33,0
select_198,0
select_199,0
select_200,0
select_201,0
select_202,0
select_203,0
unsqueeze_75,0
mul_149,4337614848
slice_313,0
slice_314,0
neg_32,1084403712
mul_150,4337614848
add_98,2168807424
mul_151,619659264
slice_315,0
slice_316,0
neg_33,154914816
mul_152,619659264
add_99,309829632
slice_317,0
slice_318,0
unsqueeze_76,0
slice_319,0
slice_320,0
expand_37,0
clone_33,0
_unsafe_view_32,0
slice_321,0
slice_322,0
unsqueeze_77,0
slice_323,0
slice_324,0
expand_38,0
clone_34,0
_unsafe_view_33,0
slice_328,0
slice_329,0
slice_330,0
_scaled_dot_product_flash_attention_for_cpu_16,-7415267328
transpose_68,0
view_302,0
t_115,0
view_303,0
mm_64,2168807424
view_304,0
add_100,4337614848
_to_copy_69,0
pow_34,8830144512
mean_33,2463464
add_101,2461804
rsqrt_33,2463768
mul_153,8830144512
_to_copy_70,0
mul_154,4415072256
t_116,0
view_305,0
mm_65,22927392768
view_306,0
silu_16,11463696384
t_117,0
view_307,0
mm_66,22927392768
view_308,0
mul_155,11463696384
t_118,0
view_309,0
mm_67,2168807424
view_310,0
add_102,4337614848
_to_copy_71,0
pow_35,8830144512
mean_34,2463464
add_103,2461804
rsqrt_34,2463768
mul_156,8830144512
_to_copy_72,0
mul_157,4415072256
view_311,0
t_119,0
addmm_51,2168807424
view_312,0
view_313,0
t_120,0
addmm_52,619659264
view_314,0
view_315,0
t_121,0
addmm_53,619659264
view_316,0
view_317,0
transpose_69,0
view_318,0
transpose_70,0
view_319,0
transpose_71,0
split_with_sizes_34,0
select_204,0
select_205,0
select_206,0
select_207,0
select_208,0
select_209,0
unsqueeze_78,0
split_with_sizes_35,0
select_210,0
select_211,0
select_212,0
select_213,0
select_214,0
select_215,0
unsqueeze_79,0
mul_158,4337614848
slice_331,0
slice_332,0
neg_34,1084403712
mul_159,4337614848
add_104,2168807424
mul_160,619659264
slice_333,0
slice_334,0
neg_35,154914816
mul_161,619659264
add_105,309829632
slice_335,0
slice_336,0
unsqueeze_80,0
slice_337,0
slice_338,0
expand_39,0
clone_35,0
_unsafe_view_34,0
slice_339,0
slice_340,0
unsqueeze_81,0
slice_341,0
slice_342,0
expand_40,0
clone_36,0
_unsafe_view_35,0
slice_346,0
slice_347,0
slice_348,0
_scaled_dot_product_flash_attention_for_cpu_17,-7415267328
transpose_72,0
view_320,0
t_122,0
view_321,0
mm_68,2168807424
view_322,0
add_106,4337614848
_to_copy_73,0
pow_36,8830144512
mean_35,2463464
add_107,2461804
rsqrt_35,2463768
mul_162,8830144512
_to_copy_74,0
mul_163,4415072256
t_123,0
view_323,0
mm_69,22927392768
view_324,0
silu_17,11463696384
t_124,0
view_325,0
mm_70,22927392768
view_326,0
mul_164,11463696384
t_125,0
view_327,0
mm_71,2168807424
view_328,0
add_108,4337614848
_to_copy_75,0
pow_37,8830144512
mean_36,2463464
add_109,2461804
rsqrt_36,2463768
mul_165,8830144512
_to_copy_76,0
mul_166,4415072256
view_329,0
t_126,0
addmm_54,2168807424
view_330,0
view_331,0
t_127,0
addmm_55,619659264
view_332,0
view_333,0
t_128,0
addmm_56,619659264
view_334,0
view_335,0
transpose_73,0
view_336,0
transpose_74,0
view_337,0
transpose_75,0
split_with_sizes_36,0
select_216,0
select_217,0
select_218,0
select_219,0
select_220,0
select_221,0
unsqueeze_82,0
split_with_sizes_37,0
select_222,0
select_223,0
select_224,0
select_225,0
select_226,0
select_227,0
unsqueeze_83,0
mul_167,4337614848
slice_349,0
slice_350,0
neg_36,1084403712
mul_168,4337614848
add_110,2168807424
mul_169,619659264
slice_351,0
slice_352,0
neg_37,154914816
mul_170,619659264
add_111,309829632
slice_353,0
slice_354,0
unsqueeze_84,0
slice_355,0
slice_356,0
expand_41,0
clone_37,0
_unsafe_view_36,0
slice_357,0
slice_358,0
unsqueeze_85,0
slice_359,0
slice_360,0
expand_42,0
clone_38,0
_unsafe_view_37,0
slice_364,0
slice_365,0
slice_366,0
_scaled_dot_product_flash_attention_for_cpu_18,-7415267328
transpose_76,0
view_338,0
t_129,0
view_339,0
mm_72,2168807424
view_340,0
add_112,4337614848
_to_copy_77,0
pow_38,8830144512
mean_37,2463464
add_113,2461804
rsqrt_37,2463768
mul_171,8830144512
_to_copy_78,0
mul_172,4415072256
t_130,0
view_341,0
mm_73,22927392768
view_342,0
silu_18,11463696384
t_131,0
view_343,0
mm_74,22927392768
view_344,0
mul_173,11463696384
t_132,0
view_345,0
mm_75,2168807424
view_346,0
add_114,4337614848
_to_copy_79,0
pow_39,8830144512
mean_38,2463464
add_115,2461804
rsqrt_38,2463768
mul_174,8830144512
_to_copy_80,0
mul_175,4415072256
view_347,0
t_133,0
addmm_57,2168807424
view_348,0
view_349,0
t_134,0
addmm_58,619659264
view_350,0
view_351,0
t_135,0
addmm_59,619659264
view_352,0
view_353,0
transpose_77,0
view_354,0
transpose_78,0
view_355,0
transpose_79,0
split_with_sizes_38,0
select_228,0
select_229,0
select_230,0
select_231,0
select_232,0
select_233,0
unsqueeze_86,0
split_with_sizes_39,0
select_234,0
select_235,0
select_236,0
select_237,0
select_238,0
select_239,0
unsqueeze_87,0
mul_176,4337614848
slice_367,0
slice_368,0
neg_38,1084403712
mul_177,4337614848
add_116,2168807424
mul_178,619659264
slice_369,0
slice_370,0
neg_39,154914816
mul_179,619659264
add_117,309829632
slice_371,0
slice_372,0
unsqueeze_88,0
slice_373,0
slice_374,0
expand_43,0
clone_39,0
_unsafe_view_38,0
slice_375,0
slice_376,0
unsqueeze_89,0
slice_377,0
slice_378,0
expand_44,0
clone_40,0
_unsafe_view_39,0
slice_382,0
slice_383,0
slice_384,0
_scaled_dot_product_flash_attention_for_cpu_19,-7415267328
transpose_80,0
view_356,0
t_136,0
view_357,0
mm_76,2168807424
view_358,0
add_118,4337614848
_to_copy_81,0
pow_40,8830144512
mean_39,2463464
add_119,2461804
rsqrt_39,2463768
mul_180,8830144512
_to_copy_82,0
mul_181,4415072256
t_137,0
view_359,0
mm_77,22927392768
view_360,0
silu_19,11463696384
t_138,0
view_361,0
mm_78,22927392768
view_362,0
mul_182,11463696384
t_139,0
view_363,0
mm_79,2168807424
view_364,0
add_120,4337614848
_to_copy_83,0
pow_41,8830144512
mean_40,2463464
add_121,2461804
rsqrt_40,2463768
mul_183,8830144512
_to_copy_84,0
mul_184,4415072256
view_365,0
t_140,0
addmm_60,2168807424
view_366,0
view_367,0
t_141,0
addmm_61,619659264
view_368,0
view_369,0
t_142,0
addmm_62,619659264
view_370,0
view_371,0
transpose_81,0
view_372,0
transpose_82,0
view_373,0
transpose_83,0
split_with_sizes_40,0
select_240,0
select_241,0
select_242,0
select_243,0
select_244,0
select_245,0
unsqueeze_90,0
split_with_sizes_41,0
select_246,0
select_247,0
select_248,0
select_249,0
select_250,0
select_251,0
unsqueeze_91,0
mul_185,4337614848
slice_385,0
slice_386,0
neg_40,1084403712
mul_186,4337614848
add_122,2168807424
mul_187,619659264
slice_387,0
slice_388,0
neg_41,154914816
mul_188,619659264
add_123,309829632
slice_389,0
slice_390,0
unsqueeze_92,0
slice_391,0
slice_392,0
expand_45,0
clone_41,0
_unsafe_view_40,0
slice_393,0
slice_394,0
unsqueeze_93,0
slice_395,0
slice_396,0
expand_46,0
clone_42,0
_unsafe_view_41,0
slice_400,0
slice_401,0
slice_402,0
_scaled_dot_product_flash_attention_for_cpu_20,-7415267328
transpose_84,0
view_374,0
t_143,0
view_375,0
mm_80,2168807424
view_376,0
add_124,4337614848
_to_copy_85,0
pow_42,8830144512
mean_41,2463464
add_125,2461804
rsqrt_41,2463768
mul_189,8830144512
_to_copy_86,0
mul_190,4415072256
t_144,0
view_377,0
mm_81,22927392768
view_378,0
silu_20,11463696384
t_145,0
view_379,0
mm_82,22927392768
view_380,0
mul_191,11463696384
t_146,0
view_381,0
mm_83,2168807424
view_382,0
add_126,4337614848
_to_copy_87,0
pow_43,8830144512
mean_42,2463464
add_127,2461804
rsqrt_42,2463768
mul_192,8830144512
_to_copy_88,0
mul_193,4415072256
view_383,0
t_147,0
addmm_63,2168807424
view_384,0
view_385,0
t_148,0
addmm_64,619659264
view_386,0
view_387,0
t_149,0
addmm_65,619659264
view_388,0
view_389,0
transpose_85,0
view_390,0
transpose_86,0
view_391,0
transpose_87,0
split_with_sizes_42,0
select_252,0
select_253,0
select_254,0
select_255,0
select_256,0
select_257,0
unsqueeze_94,0
split_with_sizes_43,0
select_258,0
select_259,0
select_260,0
select_261,0
select_262,0
select_263,0
unsqueeze_95,0
mul_194,4337614848
slice_403,0
slice_404,0
neg_42,1084403712
mul_195,4337614848
add_128,2168807424
mul_196,619659264
slice_405,0
slice_406,0
neg_43,154914816
mul_197,619659264
add_129,309829632
slice_407,0
slice_408,0
unsqueeze_96,0
slice_409,0
slice_410,0
expand_47,0
clone_43,0
_unsafe_view_42,0
slice_411,0
slice_412,0
unsqueeze_97,0
slice_413,0
slice_414,0
expand_48,0
clone_44,0
_unsafe_view_43,0
slice_418,0
slice_419,0
slice_420,0
_scaled_dot_product_flash_attention_for_cpu_21,-7415267328
transpose_88,0
view_392,0
t_150,0
view_393,0
mm_84,2168807424
view_394,0
add_130,4337614848
_to_copy_89,0
pow_44,8830144512
mean_43,2463464
add_131,2461804
rsqrt_43,2463768
mul_198,8830144512
_to_copy_90,0
mul_199,4415072256
t_151,0
view_395,0
mm_85,22927392768
view_396,0
silu_21,11463696384
t_152,0
view_397,0
mm_86,22927392768
view_398,0
mul_200,11463696384
t_153,0
view_399,0
mm_87,2168807424
view_400,0
add_132,4337614848
_to_copy_91,0
pow_45,8830144512
mean_44,2463464
add_133,2461804
rsqrt_44,2463768
mul_201,8830144512
_to_copy_92,0
mul_202,4415072256
view_401,0
t_154,0
addmm_66,2168807424
view_402,0
view_403,0
t_155,0
addmm_67,619659264
view_404,0
view_405,0
t_156,0
addmm_68,619659264
view_406,0
view_407,0
transpose_89,0
view_408,0
transpose_90,0
view_409,0
transpose_91,0
split_with_sizes_44,0
select_264,0
select_265,0
select_266,0
select_267,0
select_268,0
select_269,0
unsqueeze_98,0
split_with_sizes_45,0
select_270,0
select_271,0
select_272,0
select_273,0
select_274,0
select_275,0
unsqueeze_99,0
mul_203,4337614848
slice_421,0
slice_422,0
neg_44,1084403712
mul_204,4337614848
add_134,2168807424
mul_205,619659264
slice_423,0
slice_424,0
neg_45,154914816
mul_206,619659264
add_135,309829632
slice_425,0
slice_426,0
unsqueeze_100,0
slice_427,0
slice_428,0
expand_49,0
clone_45,0
_unsafe_view_44,0
slice_429,0
slice_430,0
unsqueeze_101,0
slice_431,0
slice_432,0
expand_50,0
clone_46,0
_unsafe_view_45,0
slice_436,0
slice_437,0
slice_438,0
_scaled_dot_product_flash_attention_for_cpu_22,-7415267328
transpose_92,0
view_410,0
t_157,0
view_411,0
mm_88,2168807424
view_412,0
add_136,4337614848
_to_copy_93,0
pow_46,8830144512
mean_45,2463464
add_137,2461804
rsqrt_45,2463768
mul_207,8830144512
_to_copy_94,0
mul_208,4415072256
t_158,0
view_413,0
mm_89,22927392768
view_414,0
silu_22,11463696384
t_159,0
view_415,0
mm_90,22927392768
view_416,0
mul_209,11463696384
t_160,0
view_417,0
mm_91,2168807424
view_418,0
add_138,4337614848
_to_copy_95,0
pow_47,8830144512
mean_46,2463464
add_139,2461804
rsqrt_46,2463768
mul_210,8830144512
_to_copy_96,0
mul_211,4415072256
view_419,0
t_161,0
addmm_69,2168807424
view_420,0
view_421,0
t_162,0
addmm_70,619659264
view_422,0
view_423,0
t_163,0
addmm_71,619659264
view_424,0
view_425,0
transpose_93,0
view_426,0
transpose_94,0
view_427,0
transpose_95,0
split_with_sizes_46,0
select_276,0
select_277,0
select_278,0
select_279,0
select_280,0
select_281,0
unsqueeze_102,0
split_with_sizes_47,0
select_282,0
select_283,0
select_284,0
select_285,0
select_286,0
select_287,0
unsqueeze_103,0
mul_212,4337614848
slice_439,0
slice_440,0
neg_46,1084403712
mul_213,4337614848
add_140,2168807424
mul_214,619659264
slice_441,0
slice_442,0
neg_47,154914816
mul_215,619659264
add_141,309829632
slice_443,0
slice_444,0
unsqueeze_104,0
slice_445,0
slice_446,0
expand_51,0
clone_47,0
_unsafe_view_46,0
slice_447,0
slice_448,0
unsqueeze_105,0
slice_449,0
slice_450,0
expand_52,0
clone_48,0
_unsafe_view_47,0
slice_454,0
slice_455,0
slice_456,0
_scaled_dot_product_flash_attention_for_cpu_23,-7415267328
transpose_96,0
view_428,0
t_164,0
view_429,0
mm_92,2168807424
view_430,0
add_142,4337614848
_to_copy_97,0
pow_48,8830144512
mean_47,2463464
add_143,2461804
rsqrt_47,2463768
mul_216,8830144512
_to_copy_98,0
mul_217,4415072256
t_165,0
view_431,0
mm_93,22927392768
view_432,0
silu_23,11463696384
t_166,0
view_433,0
mm_94,22927392768
view_434,0
mul_218,11463696384
t_167,0
view_435,0
mm_95,2168807424
view_436,0
add_144,4337614848
_to_copy_99,0
pow_49,8830144512
mean_48,2463464
add_145,2461804
rsqrt_48,2463768
mul_219,8830144512
_to_copy_100,0
mul_220,4415072256
view_437,0
t_168,0
addmm_72,2168807424
view_438,0
view_439,0
t_169,0
addmm_73,619659264
view_440,0
view_441,0
t_170,0
addmm_74,619659264
view_442,0
view_443,0
transpose_97,0
view_444,0
transpose_98,0
view_445,0
transpose_99,0
split_with_sizes_48,0
select_288,0
select_289,0
select_290,0
select_291,0
select_292,0
select_293,0
unsqueeze_106,0
split_with_sizes_49,0
select_294,0
select_295,0
select_296,0
select_297,0
select_298,0
select_299,0
unsqueeze_107,0
mul_221,4337614848
slice_457,0
slice_458,0
neg_48,1084403712
mul_222,4337614848
add_146,2168807424
mul_223,619659264
slice_459,0
slice_460,0
neg_49,154914816
mul_224,619659264
add_147,309829632
slice_461,0
slice_462,0
unsqueeze_108,0
slice_463,0
slice_464,0
expand_53,0
clone_49,0
_unsafe_view_48,0
slice_465,0
slice_466,0
unsqueeze_109,0
slice_467,0
slice_468,0
expand_54,0
clone_50,0
_unsafe_view_49,0
slice_472,0
slice_473,0
slice_474,0
_scaled_dot_product_flash_attention_for_cpu_24,-7415267328
transpose_100,0
view_446,0
t_171,0
view_447,0
mm_96,2168807424
view_448,0
add_148,4337614848
_to_copy_101,0
pow_50,8830144512
mean_49,2463464
add_149,2461804
rsqrt_49,2463768
mul_225,8830144512
_to_copy_102,0
mul_226,4415072256
t_172,0
view_449,0
mm_97,22927392768
view_450,0
silu_24,11463696384
t_173,0
view_451,0
mm_98,22927392768
view_452,0
mul_227,11463696384
t_174,0
view_453,0
mm_99,2168807424
view_454,0
add_150,4337614848
_to_copy_103,0
pow_51,8830144512
mean_50,2463464
add_151,2461804
rsqrt_50,2463768
mul_228,8830144512
_to_copy_104,0
mul_229,4415072256
view_455,0
t_175,0
addmm_75,2168807424
view_456,0
view_457,0
t_176,0
addmm_76,619659264
view_458,0
view_459,0
t_177,0
addmm_77,619659264
view_460,0
view_461,0
transpose_101,0
view_462,0
transpose_102,0
view_463,0
transpose_103,0
split_with_sizes_50,0
select_300,0
select_301,0
select_302,0
select_303,0
select_304,0
select_305,0
unsqueeze_110,0
split_with_sizes_51,0
select_306,0
select_307,0
select_308,0
select_309,0
select_310,0
select_311,0
unsqueeze_111,0
mul_230,4337614848
slice_475,0
slice_476,0
neg_50,1084403712
mul_231,4337614848
add_152,2168807424
mul_232,619659264
slice_477,0
slice_478,0
neg_51,154914816
mul_233,619659264
add_153,309829632
slice_479,0
slice_480,0
unsqueeze_112,0
slice_481,0
slice_482,0
expand_55,0
clone_51,0
_unsafe_view_50,0
slice_483,0
slice_484,0
unsqueeze_113,0
slice_485,0
slice_486,0
expand_56,0
clone_52,0
_unsafe_view_51,0
slice_490,0
slice_491,0
slice_492,0
_scaled_dot_product_flash_attention_for_cpu_25,-7415267328
transpose_104,0
view_464,0
t_178,0
view_465,0
mm_100,2168807424
view_466,0
add_154,4337614848
_to_copy_105,0
pow_52,8830144512
mean_51,2463464
add_155,2461804
rsqrt_51,2463768
mul_234,8830144512
_to_copy_106,0
mul_235,4415072256
t_179,0
view_467,0
mm_101,22927392768
view_468,0
silu_25,11463696384
t_180,0
view_469,0
mm_102,22927392768
view_470,0
mul_236,11463696384
t_181,0
view_471,0
mm_103,2168807424
view_472,0
add_156,4337614848
_to_copy_107,0
pow_53,8830144512
mean_52,2463464
add_157,2461804
rsqrt_52,2463768
mul_237,8830144512
_to_copy_108,0
mul_238,4415072256
view_473,0
t_182,0
addmm_78,2168807424
view_474,0
view_475,0
t_183,0
addmm_79,619659264
view_476,0
view_477,0
t_184,0
addmm_80,619659264
view_478,0
view_479,0
transpose_105,0
view_480,0
transpose_106,0
view_481,0
transpose_107,0
split_with_sizes_52,0
select_312,0
select_313,0
select_314,0
select_315,0
select_316,0
select_317,0
unsqueeze_114,0
split_with_sizes_53,0
select_318,0
select_319,0
select_320,0
select_321,0
select_322,0
select_323,0
unsqueeze_115,0
mul_239,4337614848
slice_493,0
slice_494,0
neg_52,1084403712
mul_240,4337614848
add_158,2168807424
mul_241,619659264
slice_495,0
slice_496,0
neg_53,154914816
mul_242,619659264
add_159,309829632
slice_497,0
slice_498,0
unsqueeze_116,0
slice_499,0
slice_500,0
expand_57,0
clone_53,0
_unsafe_view_52,0
slice_501,0
slice_502,0
unsqueeze_117,0
slice_503,0
slice_504,0
expand_58,0
clone_54,0
_unsafe_view_53,0
slice_508,0
slice_509,0
slice_510,0
_scaled_dot_product_flash_attention_for_cpu_26,-7415267328
transpose_108,0
view_482,0
t_185,0
view_483,0
mm_104,2168807424
view_484,0
add_160,4337614848
_to_copy_109,0
pow_54,8830144512
mean_53,2463464
add_161,2461804
rsqrt_53,2463768
mul_243,8830144512
_to_copy_110,0
mul_244,4415072256
t_186,0
view_485,0
mm_105,22927392768
view_486,0
silu_26,11463696384
t_187,0
view_487,0
mm_106,22927392768
view_488,0
mul_245,11463696384
t_188,0
view_489,0
mm_107,2168807424
view_490,0
add_162,4337614848
_to_copy_111,0
pow_55,8830144512
mean_54,2463464
add_163,2461804
rsqrt_54,2463768
mul_246,8830144512
_to_copy_112,0
mul_247,4415072256
view_491,0
t_189,0
addmm_81,2168807424
view_492,0
view_493,0
t_190,0
addmm_82,619659264
view_494,0
view_495,0
t_191,0
addmm_83,619659264
view_496,0
view_497,0
transpose_109,0
view_498,0
transpose_110,0
view_499,0
transpose_111,0
split_with_sizes_54,0
select_324,0
select_325,0
select_326,0
select_327,0
select_328,0
select_329,0
unsqueeze_118,0
split_with_sizes_55,0
select_330,0
select_331,0
select_332,0
select_333,0
select_334,0
select_335,0
unsqueeze_119,0
mul_248,4337614848
slice_511,0
slice_512,0
neg_54,1084403712
mul_249,4337614848
add_164,2168807424
mul_250,619659264
slice_513,0
slice_514,0
neg_55,154914816
mul_251,619659264
add_165,309829632
slice_515,0
slice_516,0
unsqueeze_120,0
slice_517,0
slice_518,0
expand_59,0
clone_55,0
_unsafe_view_54,0
slice_519,0
slice_520,0
unsqueeze_121,0
slice_521,0
slice_522,0
expand_60,0
clone_56,0
_unsafe_view_55,0
slice_526,0
slice_527,0
slice_528,0
_scaled_dot_product_flash_attention_for_cpu_27,-7415267328
transpose_112,0
view_500,0
t_192,0
view_501,0
mm_108,2168807424
view_502,0
add_166,4337614848
_to_copy_113,0
pow_56,8830144512
mean_55,2463464
add_167,2461804
rsqrt_55,2463768
mul_252,8830144512
_to_copy_114,0
mul_253,4415072256
t_193,0
view_503,0
mm_109,22927392768
view_504,0
silu_27,11463696384
t_194,0
view_505,0
mm_110,22927392768
view_506,0
mul_254,11463696384
t_195,0
view_507,0
mm_111,2168807424
view_508,0
add_168,4337614848
_to_copy_115,0
pow_57,8830144512
mean_56,2463464
add_169,2461804
rsqrt_56,2463768
mul_255,8830144512
_to_copy_116,0
mul_256,4415072256
t_196,0
view_509,0
mm_112,3286407168
